{"dim_labels": {"0": "train_test", "1": "species", "2": "metric", "3": "model"}, "rdim_labels": {"train_test": 0, "species": 1, "metric": 2, "model": 3}, "val_labels": {"train_test": {"0": "train", "1": "test"}, "species": {"0": "setosa", "1": "versicolor", "2": "virginica"}, "metric": {"0": "precision", "1": "recall", "2": "f1"}, "model": {"0": "knn", "1": "logistic regression", "2": "random forest"}}, "rval_labels": {"train_test": {"train": 0, "test": 1}, "species": {"setosa": 0, "versicolor": 1, "virginica": 2}, "metric": {"precision": 0, "recall": 1, "f1": 2}, "model": {"knn": 0, "logistic regression": 1, "random forest": 2}}}